Workbook

Sheet Data
A1: Year | B1: Industry | C1: State | D1: Establishments | E1: Employees | F1: Avg Annual Wage
A2: 2020 | B2: Natural Resources | C2: Alabama | D2: 1829 | E2: 18051 | F2: 58872
A3: 2020 | B3: Natural Resources | C3: Arizona | D3: 1354 | E3: 35607 | F3: 55216
A4: 2020 | B4: Natural Resources | C4: Arkansas | D4: 2565 | E4: 15961 | F4: 49909
A5: 2020 | B5: Natural Resources | C5: California | D5: 17651 | E5: 425665 | F5: 42534
A6: 2020 | B6: Natural Resources | C6: Colorado | D6: 3312 | E6: 41633 | F6: 91879
A7: 2020 | B7: Natural Resources | C7: Connecticut | D7: 467 | E7: 5260 | F7: 43142
A8: 2020 | B8: Natural Resources | C8: Delaware | D8: 186 | E8: 1317 | F8: 43290
A9: 2020 | B9: Natural Resources | C9: Florida | D9: 5394 | E9: 71107 | F9: 37717
A10: 2020 | B10: Natural Resources | C10: Georgia | D10: 2794 | E10: 29309 | F10: 45978
A11: 2020 | B11: Natural Resources | C11: Idaho | D11: 2531 | E11: 27020 | F11: 42820
A12: 2020 | B12: Natural Resources | C12: Illinois | D12: 2818 | E12: 24933 | F12: 52259
A13: 2020 | B13: Natural Resources | C13: Indiana | D13: 2302 | E13: 20872 | F13: 50732
... A1919: 2017 | B1919: Other Services | C1919: Wyoming | D1919: 1656 | E1919: 7231 | F1919: 35035

Sheet Data Prep
A1: INDUSTRY FILTER | D1: AVERAGE WAGE BY INDUSTRY | H1: EMPLOYEES BY INDUSTRY | K1: WAGES & EMPLOYEE TRENDS | O1: COMPARISION BY STATE
A2: Industry | B2: Selection | D2: Industry | E2: Avg Annual Wage | F2: Selection | H2: Industry | I2: Employees | K2: Year | L2: Avg Wages | M2: Employees | O2: State | P2: Employees | Q2: Population | R2: Employees per 1000 Capita | S2: Average Wages | T2: =B19 -> Average Wages
A3: Business Services | B3: =Dashboard!B6 -> Finance | D3: Information | E3: =AVERAGEIFS(Data!F:F,Data!B:B,D3,Data!A:A,$B$16) -> 93586.333 | F3: =IF(D3=$B$3,E3,0) -> 0 | H3: Trade & Transportation | I3: =SUMIFS(Data!E:E,Data!B:B,H3,Data!A:A,'Data Prep'!$B$16) -> 26277342 | K3: 2017 | L3: =AVERAGEIFS(Data!F:F,Data!B:B,$B$3,Data!A:A,K3) -> 77330.083 | M3: =SUMIFS(Data!E:E,Data!B:B,'Data Prep'!$B$3,Data!A:A,K3) -> 8021586 | O3: Alabama | P3: =SUMIFS(Data!E:E,Data!B:B,'Data Prep'!$B$3,Data!A:A,'Data Prep'!$B$16,Data!C:C,'Data Prep'!O3) -> 94715 | Q3: 4887871 | R3: =P3/Q3*1000 -> 19.377557 | S3: =AVERAGEIFS(Data!F:F,Data!B:B,'Data Prep'!$B$3,Data!A:A,'Data Prep'!$B$16,Data!C:C,'Data Prep'!O3) -> 75982 | T3: =IF($T$2=$S$2,-S3,R3) -> -75982
A4: Construction | D4: Finance | E4: =AVERAGEIFS(Data!F:F,Data!B:B,D4,Data!A:A,$B$16) -> 90040.667 | F4: =IF(D4=$B$3,E4,0) -> 90040.667 | H4: Education & Health | I4: =SUMIFS(Data!E:E,Data!B:B,H4,Data!A:A,'Data Prep'!$B$16) -> 22035033 | K4: 2018 | L4: =AVERAGEIFS(Data!F:F,Data!B:B,$B$3,Data!A:A,K4) -> 80167.854 | M4: =SUMIFS(Data!E:E,Data!B:B,'Data Prep'!$B$3,Data!A:A,K4) -> 8120224 | O4: Arizona | P4: =SUMIFS(Data!E:E,Data!B:B,'Data Prep'!$B$3,Data!A:A,'Data Prep'!$B$16,Data!C:C,'Data Prep'!O4) -> 225922 | Q4: 7171646 | R4: =P4/Q4*1000 -> 31.502113 | S4: =AVERAGEIFS(Data!F:F,Data!B:B,'Data Prep'!$B$3,Data!A:A,'Data Prep'!$B$16,Data!C:C,'Data Prep'!O4) -> 82956 | T4: =IF($T$2=$S$2,-S4,R4) -> -82956
A5: Education & Health | D5: Business Services | E5: =AVERAGEIFS(Data!F:F,Data!B:B,D5,Data!A:A,$B$16) -> 74713.062 | F5: =IF(D5=$B$3,E5,0) -> 0 | H5: Business Services | I5: =SUMIFS(Data!E:E,Data!B:B,H5,Data!A:A,'Data Prep'!$B$16) -> 20065896 | K5: 2019 | L5: =AVERAGEIFS(Data!F:F,Data!B:B,$B$3,Data!A:A,K5) -> 82837.375 | M5: =SUMIFS(Data!E:E,Data!B:B,'Data Prep'!$B$3,Data!A:A,K5) -> 8251469 | O5: Arkansas | P5: =SUMIFS(Data!E:E,Data!B:B,'Data Prep'!$B$3,Data!A:A,'Data Prep'!$B$16,Data!C:C,'Data Prep'!O5) -> 51950 | Q5: 3013825 | R5: =P5/Q5*1000 -> 17.237232 | S5: =AVERAGEIFS(Data!F:F,Data!B:B,'Data Prep'!$B$3,Data!A:A,'Data Prep'!$B$16,Data!C:C,'Data Prep'!O5) -> 65321 | T5: =IF($T$2=$S$2,-S5,R5) -> -65321
A6: Finance | D6: Manufacturing | E6: =AVERAGEIFS(Data!F:F,Data!B:B,D6,Data!A:A,$B$16) -> 68427.875 | F6: =IF(D6=$B$3,E6,0) -> 0 | H6: Leisure & Hospitality | I6: =SUMIFS(Data!E:E,Data!B:B,H6,Data!A:A,'Data Prep'!$B$16) -> 12649500 | K6: 2020 | L6: =AVERAGEIFS(Data!F:F,Data!B:B,$B$3,Data!A:A,K6) -> 90040.667 | M6: =SUMIFS(Data!E:E,Data!B:B,'Data Prep'!$B$3,Data!A:A,K6) -> 8142043 | O6: California | P6: =SUMIFS(Data!E:E,Data!B:B,'Data Prep'!$B$3,Data!A:A,'Data Prep'!$B$16,Data!C:C,'Data Prep'!O6) -> 817007 | Q6: 39557045 | R6: =P6/Q6*1000 -> 20.653894 | S6: =AVERAGEIFS(Data!F:F,Data!B:B,'Data Prep'!$B$3,Data!A:A,'Data Prep'!$B$16,Data!C:C,'Data Prep'!O6) -> 124107 | T6: =IF($T$2=$S$2,-S6,R6) -> -124107
A7: Information | D7: Construction | E7: =AVERAGEIFS(Data!F:F,Data!B:B,D7,Data!A:A,$B$16) -> 63896.896 | F7: =IF(D7=$B$3,E7,0) -> 0 | H7: Manufacturing | I7: =SUMIFS(Data!E:E,Data!B:B,H7,Data!A:A,'Data Prep'!$B$16) -> 12058694 | O7: Colorado | P7: =SUMIFS(Data!E:E,Data!B:B,'Data Prep'!$B$3,Data!A:A,'Data Prep'!$B$16,Data!C:C,'Data Prep'!O7) -> 165271 | Q7: 5695564 | R7: =P7/Q7*1000 -> 29.017495 | S7: =AVERAGEIFS(Data!F:F,Data!B:B,'Data Prep'!$B$3,Data!A:A,'Data Prep'!$B$16,Data!C:C,'Data Prep'!O7) -> 97276 | T7: =IF($T$2=$S$2,-S7,R7) -> -97276
A8: Leisure & Hospitality | D8: Natural Resources | E8: =AVERAGEIFS(Data!F:F,Data!B:B,D8,Data!A:A,$B$16) -> 55605.938 | F8: =IF(D8=$B$3,E8,0) -> 0 | H8: Finance | I8: =SUMIFS(Data!E:E,Data!B:B,H8,Data!A:A,'Data Prep'!$B$16) -> 8142043 | O8: Connecticut | P8: =SUMIFS(Data!E:E,Data!B:B,'Data Prep'!$B$3,Data!A:A,'Data Prep'!$B$16,Data!C:C,'Data Prep'!O8) -> 118168 | Q8: 3572665 | R8: =P8/Q8*1000 -> 33.075589 | S8: =AVERAGEIFS(Data!F:F,Data!B:B,'Data Prep'!$B$3,Data!A:A,'Data Prep'!$B$16,Data!C:C,'Data Prep'!O8) -> 165086 | T8: =IF($T$2=$S$2,-S8,R8) -> -165086
A9: Manufacturing | D9: Education & Health | E9: =AVERAGEIFS(Data!F:F,Data!B:B,D9,Data!A:A,$B$16) -> 53607.208 | F9: =IF(D9=$B$3,E9,0) -> 0 | H9: Construction | I9: =SUMIFS(Data!E:E,Data!B:B,H9,Data!A:A,'Data Prep'!$B$16) -> 7136444 | O9: Delaware | P9: =SUMIFS(Data!E:E,Data!B:B,'Data Prep'!$B$3,Data!A:A,'Data Prep'!$B$16,Data!C:C,'Data Prep'!O9) -> 47390 | Q9: 967171 | R9: =P9/Q9*1000 -> 48.998574 | S9: =AVERAGEIFS(Data!F:F,Data!B:B,'Data Prep'!$B$3,Data!A:A,'Data Prep'!$B$16,Data!C:C,'Data Prep'!O9) -> 103154 | T9: =IF($T$2=$S$2,-S9,R9) -> -103154
A10: Natural Resources | D10: Trade & Transportation | E10: =AVERAGEIFS(Data!F:F,Data!B:B,D10,Data!A:A,$B$16) -> 49366.812 | F10: =IF(D10=$B$3,E10,0) -> 0 | H10: Other Services | I10: =SUMIFS(Data!E:E,Data!B:B,H10,Data!A:A,'Data Prep'!$B$16) -> 3843699 | O10: Florida | P10: =SUMIFS(Data!E:E,Data!B:B,'Data Prep'!$B$3,Data!A:A,'Data Prep'!$B$16,Data!C:C,'Data Prep'!O10) -> 586706 | Q10: 21670000 | R10: =P10/Q10*1000 -> 27.074573 | S10: =AVERAGEIFS(Data!F:F,Data!B:B,'Data Prep'!$B$3,Data!A:A,'Data Prep'!$B$16,Data!C:C,'Data Prep'!O10) -> 84307 | T10: =IF($T$2=$S$2,-S10,R10) -> -84307
A11: Other Services | D11: Other Services | E11: =AVERAGEIFS(Data!F:F,Data!B:B,D11,Data!A:A,$B$16) -> 40790.188 | F11: =IF(D11=$B$3,E11,0) -> 0 | H11: Information | I11: =SUMIFS(Data!E:E,Data!B:B,H11,Data!A:A,'Data Prep'!$B$16) -> 2677815 | O11: Georgia | P11: =SUMIFS(Data!E:E,Data!B:B,'Data Prep'!$B$3,Data!A:A,'Data Prep'!$B$16,Data!C:C,'Data Prep'!O11) -> 242175 | Q11: 10519475 | R11: =P11/Q11*1000 -> 23.021586 | S11: =AVERAGEIFS(Data!F:F,Data!B:B,'Data Prep'!$B$3,Data!A:A,'Data Prep'!$B$16,Data!C:C,'Data Prep'!O11) -> 93145 | T11: =IF($T$2=$S$2,-S11,R11) -> -93145
A12: Trade & Transportation | D12: Leisure & Hospitality | E12: =AVERAGEIFS(Data!F:F,Data!B:B,D12,Data!A:A,$B$16) -> 23286.417 | F12: =IF(D12=$B$3,E12,0) -> 0 | H12: Natural Resources | I12: =SUMIFS(Data!E:E,Data!B:B,H12,Data!A:A,'Data Prep'!$B$16) -> 1762873 | O12: Idaho | P12: =SUMIFS(Data!E:E,Data!B:B,'Data Prep'!$B$3,Data!A:A,'Data Prep'!$B$16,Data!C:C,'Data Prep'!O12) -> 34249 | Q12: 1754208 | R12: =P12/Q12*1000 -> 19.523911 | S12: =AVERAGEIFS(Data!F:F,Data!B:B,'Data Prep'!$B$3,Data!A:A,'Data Prep'!$B$16,Data!C:C,'Data Prep'!O12) -> 68833 | T12: =IF($T$2=$S$2,-S12,R12) -> -68833
O13: Illinois | P13: =SUMIFS(Data!E:E,Data!B:B,'Data Prep'!$B$3,Data!A:A,'Data Prep'!$B$16,Data!C:C,'Data Prep'!O13) -> 376539 | Q13: 12741080 | R13: =P13/Q13*1000 -> 29.553146 | S13: =AVERAGEIFS(Data!F:F,Data!B:B,'Data Prep'!$B$3,Data!A:A,'Data Prep'!$B$16,Data!C:C,'Data Prep'!O13) -> 121634 | T13: =IF($T$2=$S$2,-S13,R13) -> -121634
H14: EMPLOYEES BY INDUSTRY | O14: Indiana | P14: =SUMIFS(Data!E:E,Data!B:B,'Data Prep'!$B$3,Data!A:A,'Data Prep'!$B$16,Data!C:C,'Data Prep'!O14) -> 133449 | Q14: 6691878 | R14: =P14/Q14*1000 -> 19.941936 | S14: =AVERAGEIFS(Data!F:F,Data!B:B,'Data Prep'!$B$3,Data!A:A,'Data Prep'!$B$16,Data!C:C,'Data Prep'!O14) -> 72283 | T14: =IF($T$2=$S$2,-S14,R14) -> -72283
A15: DATE FILTER | H15: Industry | I15: Employees | O15: Iowa | P15: =SUMIFS(Data!E:E,Data!B:B,'Data Prep'!$B$3,Data!A:A,'Data Prep'!$B$16,Data!C:C,'Data Prep'!O15) -> 109283 | Q15: 3156145 | R15: =P15/Q15*1000 -> 34.625469 | S15: =AVERAGEIFS(Data!F:F,Data!B:B,'Data Prep'!$B$3,Data!A:A,'Data Prep'!$B$16,Data!C:C,'Data Prep'!O15) -> 81131 | T15: =IF($T$2=$S$2,-S15,R15) -> -81131
A16: current year | B16: 2020 | H16: =B3 -> Finance | I16: =VLOOKUP(B3,H3:I12,2,0) -> 8142043 | O16: Kansas | P16: =SUMIFS(Data!E:E,Data!B:B,'Data Prep'!$B$3,Data!A:A,'Data Prep'!$B$16,Data!C:C,'Data Prep'!O16) -> 73310 | Q16: 2911505 | R16: =P16/Q16*1000 -> 25.179418 | S16: =AVERAGEIFS(Data!F:F,Data!B:B,'Data Prep'!$B$3,Data!A:A,'Data Prep'!$B$16,Data!C:C,'Data Prep'!O16) -> 75889 | T16: =IF($T$2=$S$2,-S16,R16) -> -75889
H17: Others | I17: =SUM(I3:I12) -> 116649339 | O17: Kentucky | P17: =SUMIFS(Data!E:E,Data!B:B,'Data Prep'!$B$3,Data!A:A,'Data Prep'!$B$16,Data!C:C,'Data Prep'!O17) -> 92079 | Q17: 4468402 | R17: =P17/Q17*1000 -> 20.606696 | S17: =AVERAGEIFS(Data!F:F,Data!B:B,'Data Prep'!$B$3,Data!A:A,'Data Prep'!$B$16,Data!C:C,'Data Prep'!O17) -> 75177 | T17: =IF($T$2=$S$2,-S17,R17) -> -75177
A18: MAP FILTER | O18: Louisiana | P18: =SUMIFS(Data!E:E,Data!B:B,'Data Prep'!$B$3,Data!A:A,'Data Prep'!$B$16,Data!C:C,'Data Prep'!O18) -> 81149 | Q18: 4659978 | R18: =P18/Q18*1000 -> 17.414031 | S18: =AVERAGEIFS(Data!F:F,Data!B:B,'Data Prep'!$B$3,Data!A:A,'Data Prep'!$B$16,Data!C:C,'Data Prep'!O18) -> 69409 | T18: =IF($T$2=$S$2,-S18,R18) -> -69409
A19: Metric | B19: =IF(Dashboard!$A$2=1,'Data Prep'!S2,'Data Prep'!R2) -> Average Wages | O19: Maine | P19: =SUMIFS(Data!E:E,Data!B:B,'Data Prep'!$B$3,Data!A:A,'Data Prep'!$B$16,Data!C:C,'Data Prep'!O19) -> 30107 | Q19: 1338404 | R19: =P19/Q19*1000 -> 22.494703 | S19: =AVERAGEIFS(Data!F:F,Data!B:B,'Data Prep'!$B$3,Data!A:A,'Data Prep'!$B$16,Data!C:C,'Data Prep'!O19) -> 75870 | T19: =IF($T$2=$S$2,-S19,R19) -> -75870
H20: Percentage | I20: =I16/SUM(I16:I17) -> 0.065245235 | O20: Maryland | P20: =SUMIFS(Data!E:E,Data!B:B,'Data Prep'!$B$3,Data!A:A,'Data Prep'!$B$16,Data!C:C,'Data Prep'!O20) -> 129771 | Q20: 6042718 | R20: =P20/Q20*1000 -> 21.475601 | S20: =AVERAGEIFS(Data!F:F,Data!B:B,'Data Prep'!$B$3,Data!A:A,'Data Prep'!$B$16,Data!C:C,'Data Prep'!O20) -> 110159 | T20: =IF($T$2=$S$2,-S20,R20) -> -110159
O21: Massachusetts | P21: =SUMIFS(Data!E:E,Data!B:B,'Data Prep'!$B$3,Data!A:A,'Data Prep'!$B$16,Data!C:C,'Data Prep'!O21) -> 212062 | Q21: 6902149 | R21: =P21/Q21*1000 -> 30.724054 | S21: =AVERAGEIFS(Data!F:F,Data!B:B,'Data Prep'!$B$3,Data!A:A,'Data Prep'!$B$16,Data!C:C,'Data Prep'!O21) -> 159120 | T21: =IF($T$2=$S$2,-S21,R21) -> -159120
O22: Michigan | P22: =SUMIFS(Data!E:E,Data!B:B,'Data Prep'!$B$3,Data!A:A,'Data Prep'!$B$16,Data!C:C,'Data Prep'!O22) -> 207448 | Q22: 9995915 | R22: =P22/Q22*1000 -> 20.753278 | S22: =AVERAGEIFS(Data!F:F,Data!B:B,'Data Prep'!$B$3,Data!A:A,'Data Prep'!$B$16,Data!C:C,'Data Prep'!O22) -> 81720 | T22: =IF($T$2=$S$2,-S22,R22) -> -81720
O23: Minnesota | P23: =SUMIFS(Data!E:E,Data!B:B,'Data Prep'!$B$3,Data!A:A,'Data Prep'!$B$16,Data!C:C,'Data Prep'!O23) -> 179728 | Q23: 5611179 | R23: =P23/Q23*1000 -> 32.030345 | S23: =AVERAGEIFS(Data!F:F,Data!B:B,'Data Prep'!$B$3,Data!A:A,'Data Prep'!$B$16,Data!C:C,'Data Prep'!O23) -> 104989 | T23: =IF($T$2=$S$2,-S23,R23) -> -104989
O24: Mississippi | P24: =SUMIFS(Data!E:E,Data!B:B,'Data Prep'!$B$3,Data!A:A,'Data Prep'!$B$16,Data!C:C,'Data Prep'!O24) -> 41912 | Q24: 2963914 | R24: =P24/Q24*1000 -> 14.140761 | S24: =AVERAGEIFS(Data!F:F,Data!B:B,'Data Prep'!$B$3,Data!A:A,'Data Prep'!$B$16,Data!C:C,'Data Prep'!O24) -> 59263 | T24: =IF($T$2=$S$2,-S24,R24) -> -59263
O25: Missouri | P25: =SUMIFS(Data!E:E,Data!B:B,'Data Prep'!$B$3,Data!A:A,'Data Prep'!$B$16,Data!C:C,'Data Prep'!O25) -> 165564 | Q25: 6126452 | R25: =P25/Q25*1000 -> 27.024451 | S25: =AVERAGEIFS(Data!F:F,Data!B:B,'Data Prep'!$B$3,Data!A:A,'Data Prep'!$B$16,Data!C:C,'Data Prep'!O25) -> 82664 | T25: =IF($T$2=$S$2,-S25,R25) -> -82664
O26: Montana | P26: =SUMIFS(Data!E:E,Data!B:B,'Data Prep'!$B$3,Data!A:A,'Data Prep'!$B$16,Data!C:C,'Data Prep'!O26) -> 21986 | Q26: 1062305 | R26: =P26/Q26*1000 -> 20.696504 | S26: =AVERAGEIFS(Data!F:F,Data!B:B,'Data Prep'!$B$3,Data!A:A,'Data Prep'!$B$16,Data!C:C,'Data Prep'!O26) -> 67330 | T26: =IF($T$2=$S$2,-S26,R26) -> -67330
O27: Nebraska | P27: =SUMIFS(Data!E:E,Data!B:B,'Data Prep'!$B$3,Data!A:A,'Data Prep'!$B$16,Data!C:C,'Data Prep'!O27) -> 66588 | Q27: 1929268 | R27: =P27/Q27*1000 -> 34.514645 | S27: =AVERAGEIFS(Data!F:F,Data!B:B,'Data Prep'!$B$3,Data!A:A,'Data Prep'!$B$16,Data!C:C,'Data Prep'!O27) -> 74942 | T27: =IF($T$2=$S$2,-S27,R27) -> -74942
O28: Nevada | P28: =SUMIFS(Data!E:E,Data!B:B,'Data Prep'!$B$3,Data!A:A,'Data Prep'!$B$16,Data!C:C,'Data Prep'!O28) -> 62325 | Q28: 3034392 | R28: =P28/Q28*1000 -> 20.539535 | S28: =AVERAGEIFS(Data!F:F,Data!B:B,'Data Prep'!$B$3,Data!A:A,'Data Prep'!$B$16,Data!C:C,'Data Prep'!O28) -> 79236 | T28: =IF($T$2=$S$2,-S28,R28) -> -79236
O29: New Hampshire | P29: =SUMIFS(Data!E:E,Data!B:B,'Data Prep'!$B$3,Data!A:A,'Data Prep'!$B$16,Data!C:C,'Data Prep'!O29) -> 33027 | Q29: 1356458 | R29: =P29/Q29*1000 -> 24.347971 | S29: =AVERAGEIFS(Data!F:F,Data!B:B,'Data Prep'!$B$3,Data!A:A,'Data Prep'!$B$16,Data!C:C,'Data Prep'!O29) -> 109751 | T29: =IF($T$2=$S$2,-S29,R29) -> -109751
O30: New Jersey | P30: =SUMIFS(Data!E:E,Data!B:B,'Data Prep'!$B$3,Data!A:A,'Data Prep'!$B$16,Data!C:C,'Data Prep'!O30) -> 235676 | Q30: 8908520 | R30: =P30/Q30*1000 -> 26.455124 | S30: =AVERAGEIFS(Data!F:F,Data!B:B,'Data Prep'!$B$3,Data!A:A,'Data Prep'!$B$16,Data!C:C,'Data Prep'!O30) -> 127870 | T30: =IF($T$2=$S$2,-S30,R30) -> -127870
O31: New Mexico | P31: =SUMIFS(Data!E:E,Data!B:B,'Data Prep'!$B$3,Data!A:A,'Data Prep'!$B$16,Data!C:C,'Data Prep'!O31) -> 32608 | Q31: 2095428 | R31: =P31/Q31*1000 -> 15.561499 | S31: =AVERAGEIFS(Data!F:F,Data!B:B,'Data Prep'!$B$3,Data!A:A,'Data Prep'!$B$16,Data!C:C,'Data Prep'!O31) -> 62343 | T31: =IF($T$2=$S$2,-S31,R31) -> -62343
O32: New York | P32: =SUMIFS(Data!E:E,Data!B:B,'Data Prep'!$B$3,Data!A:A,'Data Prep'!$B$16,Data!C:C,'Data Prep'!O32) -> 700031 | Q32: 19542209 | R32: =P32/Q32*1000 -> 35.821488 | S32: =AVERAGEIFS(Data!F:F,Data!B:B,'Data Prep'!$B$3,Data!A:A,'Data Prep'!$B$16,Data!C:C,'Data Prep'!O32) -> 207014 | T32: =IF($T$2=$S$2,-S32,R32) -> -207014
... O50: Wyoming | P50: =SUMIFS(Data!E:E,Data!B:B,'Data Prep'!$B$3,Data!A:A,'Data Prep'!$B$16,Data!C:C,'Data Prep'!O50) -> 10919 | Q50: 577737 | R50: =P50/Q50*1000 -> 18.899603 | S50: =AVERAGEIFS(Data!F:F,Data!B:B,'Data Prep'!$B$3,Data!A:A,'Data Prep'!$B$16,Data!C:C,'Data Prep'!O50) -> 64480 | T50: =IF($T$2=$S$2,-S50,R50) -> -64480

Sheet Dashboard
A1: 9
A2: 1
B6: {=INDEX('Data Prep'!D3:D12,11-Dashboard!A1)} -> Finance
